12
w71uj3,C,Mccarthy,Heidi,89 W. Achorage Rd.,District Heights,MD,US,20747,hmccarthy@kohler.com,hmccarthy@gmail.com
n9aefa,P,Craig,Molly,50 Pinnacle Dr.,Eastpointe,MI,US,48021,mcraig@gusikowski.com,mcraig@gmail.com,mcraig@yahoo.com
oal6ia,G,Sherman,Deangelo,212 Fifth Dr.,Westland,MI,US,48185,dsherman@stehr.info
6a2wff,E,Calderon,Arielle,486 Union Circle,Zanesville,OH,US,43701,acalderon@marks.com,acalderon@mgg.com
1w8elb,P,Rivera,Joselyn,312 Estate Avenue,Uniondale,NY,US,11553,jrivera@kling.com
j9pkff,E,Shaw,Annie,886 Gulf Court,Alliance,OH,US,44601,ashaw@hotmail.com,ashaw@mgg.com,ashaw@outlook.com
cezykf,C,Brandt,Thomas,854 Rockland Street,Grovetown,GA,US,30813,tbrandt@pfeffer.info,tbrandt@gmail.com
0ejsfs,G,Castro,Mila,7162 East Sunnyslope Street,Shrewsbury,MA,US,01545,mcastro@yahoo.com
b4gqna,E,Hood,Kira,979 Hillcrest Court,Crofton,MD,US,21114,khood@swift.com,khood@mgg.com
btyob0,G,Potter,Mckenna,3 Honor Ave.,Bronx,NY,US,10451,mpotter@lesch.net
9oalf0,P,Barton,Taylor,63 Sulphur Springs St.,Anaheim,CA,US,92806,tbarton@hotmail.com
hb7mdu,C,May,Justin,9663 Newport Ave.,North Andover,MA,US,01845,jmay@lang.com,jmay@hotmail.com
